Example Student ID,Grad Date
1,6/10/2013
3,5/10/2014
5,6/10/2013
6,12/10/2013
10,12/10/2013
11,5/10/2014
12,5/10/2014
13,5/10/2013
16,6/10/2013
18,12/10/2013
19,5/10/2013
20,5/10/2013
25,6/10/2013
26,5/10/2014
27,5/10/2014
33,5/10/2013
35,5/10/2014
36,12/10/2013
37,5/10/2013
44,6/10/2013
48,5/10/2014
51,5/10/2013
55,12/10/2013
61,12/10/2013
63,5/10/2013
69,6/10/2013
71,5/10/2014
72,6/10/2013
76,12/10/2013
79,12/10/2013
81,5/10/2013
84,6/10/2013
90,12/10/2013
91,12/10/2013
93,12/10/2013
96,6/10/2013
97,5/10/2014
98,5/10/2014
99,5/10/2014
100,5/10/2014
106,5/10/2014
107,5/10/2014
108,5/10/2014
109,5/10/2014
117,5/10/2014
118,5/10/2014
119,5/10/2014
120,5/10/2014
201,6/10/2013
202,12/10/2013
203,5/10/2014
204,6/10/2013
205,12/10/2013
206,6/10/2013
207,5/10/2014
208,6/10/2013
209,12/10/2013
269,12/10/2013
270,5/10/2014
271,5/10/2014
272,5/10/2013
273,6/10/2013
274,12/10/2013
275,5/10/2013
217,5/10/2013
218,6/10/2013
219,5/10/2014
220,5/10/2014
221,5/10/2013
222,5/10/2014
223,12/10/2013
224,5/10/2013
293,6/10/2013
294,5/10/2014
295,5/10/2013
296,12/10/2013
297,12/10/2013
298,5/10/2013
299,6/10/2013
300,5/10/2014
301,6/10/2013
302,12/10/2013
303,12/10/2013
304,5/10/2013
305,6/10/2013
306,12/10/2013
307,12/10/2013
308,12/10/2013
309,6/10/2013
310,5/10/2014
243,5/10/2014
244,5/10/2014
245,5/10/2014
246,5/10/2014
247,5/10/2014
248,5/10/2014
249,5/10/2014
250,5/10/2014
276,5/10/2014
277,5/10/2014
278,5/10/2014
279,6/10/2013
280,12/10/2013
281,5/10/2014
282,6/10/2013
283,12/10/2013
284,12/10/2013
285,12/10/2013
286,5/10/2013
287,6/10/2013
288,12/10/2013
289,12/10/2013
290,12/10/2013
291,6/10/2013
292,5/10/2014
,
,
